{"retinanet_R_101_FPN_RetinaNet": 1.1135337445011828e-05, "retinanet_R_50_FPN_RetinaNet": 1.113523103413172e-05, "faster_rcnn_R_50_FPN_RPN": 0.000170879065990448, "faster_rcnn_R_101_FPN_RPN": 0.0001754420663928613, "faster_rcnn_R_50_FPN_RCNN": 0.001, "faster_rcnn_R_101_FPN_RCNN": 0.001, "retinanet_voc_R_50_FPN_RetinaNet": 6.746001308783889e-05, "faster_rcnn_voc_R_50_FPN_RCNN": 0.001, "faster_rcnn_voc_R_50_FPN_RPN": 5.43671558261849e-05}
